,P_NAME,P_RADIUS,P_MASS,P_ESCAPE,P_TEMP_SURF
63,BD-06 1339 b,2.84734,8.5813561,1.7360343,772.23385
124,DMPP-3 A b,1.41246,2.5807634,1.3517177,943.53261
130,EPIC 201497682 b,0.69502,0.26061896,0.61235653,1071.8206
133,EPIC 201754305 d,1.03132,1.0806152,1.0236201,1017.0023
134,EPIC 201757695.02,0.90801,0.68968677,0.87152657,1356.2035
135,EPIC 201833600 c,0.99769,0.97255369,0.98732238,853.50759
136,EPIC 201841433 b,1.04253,1.1187546,1.0359126,1067.0547
142,EPIC 206042996 b,1.70392,3.5278908,1.4389078,737.08305
143,EPIC 206042996 c,1.19947,1.8688287,1.2482169,1814.9918
145,EPIC 206317286 b,0.96406,0.83906593,0.93292345,1328.3316
146,EPIC 206317286 c,2.09627,5.0216824,1.5477507,580.7363
149,EPIC 212297394 b,1.47972,2.7937081,1.3740443,1203.7826
150,EPIC 212297394 c,2.27563,5.7844697,1.59434,935.18362
152,EPIC 212499991 b,1.60303,3.17828,1.4080733,480.37396
239,GJ 414 A b,2.63435,7.5992676,1.6984358,345.96348
290,GJ 9827 b,1.58061,4.9104426,1.7625764,1220.0898
291,GJ 9827 c,1.24431,0.83906593,0.82117127,844.40518
292,GJ 9827 d,2.0178,4.0395939,1.4149132,707.49923
551,HD 125595 b,2.39894,6.3565601,1.6278013,713.14153
590,HD 13808 c,3.12759,9.9607296,1.7845991,442.53271
643,HD 15337 b,1.63666,7.5102757,2.1421442,1043.3142
644,HD 15337 c,2.38773,8.1109706,1.8430784,669.64274
649,HD 154088 b,2.45499,6.6012876,1.6397946,723.35184
665,HD 156668 b,1.87207,4.131764,1.4856165,1468.878
724,HD 176986 b,2.26442,5.7399737,1.5921224,869.60087
725,HD 176986 c,2.98186,9.1788727,1.7544906,632.79567
741,HD 181433 b,2.39894,6.3565601,1.6278013,774.25443
811,HD 20781 b,1.21068,1.9387508,1.2654539,1045.8532
812,HD 20781 c,2.16353,5.3395104,1.5709749,759.24777
818,HD 207897 b,2.49983,14.400787,2.4001472,653.31234
843,HD 215152 b,1.18826,1.8179762,1.2369107,886.88287
844,HD 215152 c,1.17705,1.7194495,1.2086408,820.18784
845,HD 215152 d,1.47972,2.8000647,1.3756066,717.801
846,HD 215152 e,1.50214,2.8763434,1.383774,542.2765
847,HD 215497 b,2.39894,6.3565601,1.6278013,1014.5794
852,HD 216520 c,3.03791,9.4394917,1.7627343,304.973
866,HD 219134 b,1.60303,4.7388155,1.7193491,1048.4044
867,HD 219134 c,1.51335,4.3606002,1.6974752,807.53189
869,HD 219134 f,1.31157,7.3005092,2.3592874,538.89048
891,HD 22496 b,2.21958,5.5715249,1.5843519,648.16508
899,HD 23472 b,1.99538,8.3207371,2.0420581,588.8121
900,HD 23472 c,1.87207,3.4102945,1.3496927,494.76382
901,HD 23472 d,0.75107,0.54984245,0.85561605,968.17607
902,HD 23472 e,0.81833,0.72146957,0.93895498,769.72057
903,HD 23472 f,1.13221,0.76914377,0.82421453,666.84277
923,HD 26965 b,2.84734,8.4701163,1.7247455,505.5645
954,HD 3167 b,1.62545,4.7292807,1.7057318,1833.6699
956,HD 3167 d,2.09627,5.0312173,1.5492194,876.17195
957,HD 3167 e,3.09396,9.7414283,1.77441,377.53289
990,HD 39194 b,1.82723,4.0014546,1.4798317,958.18669
991,HD 39194 c,2.38773,6.299351,1.6242591,707.38243
992,HD 39194 d,1.82723,4.0014546,1.4798317,524.84566
994,HD 40307 b,1.82723,4.0046328,1.4804193,918.33323
995,HD 40307 c,2.45499,6.6108225,1.6409785,704.44891
996,HD 40307 d,3.04912,9.5030573,1.7654053,547.8178
997,HD 40307 f,2.1299,5.2123792,1.5643661,400.73879
998,HD 40307 g,2.56709,7.0875645,1.6616057,255.74628
1096,HD 73583 c,2.38773,9.7001106,2.01556,526.90933
1108,HD 7924 b,2.39894,6.3565601,1.6278013,929.60246
1109,HD 7924 c,2.72403,7.8598865,1.6986433,672.82612
1110,HD 7924 d,2.42136,6.4391953,1.6307452,574.05495
1129,HD 85512 b,1.71513,3.496108,1.4277228,360.91468
1177,HD 97658 b,2.11869,8.2984892,1.9790912,780.28786
1192,HIP 116454 b,2.4662,12.71312,2.2704499,727.04137
1214,HIP 54373 b,2.86976,8.6194954,1.7330781,565.85212
1218,HIP 57274 b,2.39894,6.3565601,1.6278013,1210.4093
1247,HIP 97166 c,3.11638,9.9003423,1.7823784,672.64268
1266,K2-101 b,1.99538,4.6720716,1.5301779,608.92723
1267,K2-102 b,1.30036,2.2406874,1.3126799,684.70805
1279,K2-116 b,0.69502,0.25744068,0.6086112,854.57911
1285,K2-120 b,2.00659,4.7038544,1.5310791,702.08324
1291,K2-126 b,1.97296,4.5449404,1.5177665,677.51821
1293,K2-128 b,1.42367,2.6030113,1.3521764,754.95339
1296,K2-130 b,1.25552,2.0976648,1.2925764,1013.5733
1297,K2-131 b,1.50214,6.299351,2.0478243,2240.5721
1303,K2-136 b,0.98648,0.93759261,0.97490645,687.31574
1305,K2-136 d,1.44609,2.6983597,1.3660049,465.8044
1316,K2-141 b,1.51335,5.0788915,1.8319549,2208.077
1321,K2-148 b,1.33399,2.3296793,1.321514,761.10188
1322,K2-148 c,1.72634,3.655022,1.4550631,653.40186
1323,K2-148 d,1.63666,3.337194,1.427945,582.9083
1332,K2-155 b,1.80481,3.9092844,1.4717461,598.20848
1334,K2-155 d,1.9057,4.2588952,1.4949312,322.22253
1335,K2-156 b,1.09858,1.3666604,1.1153585,1455.0489
1340,K2-16 b,2.0178,4.7356372,1.5319696,718.88232
1344,K2-162 b,1.43488,2.6665769,1.3632304,699.09654
1345,K2-163 b,2.4662,6.6426053,1.6411757,825.42322
1347,K2-165 b,1.27794,2.167587,1.302366,1288.8621
1348,K2-165 c,1.55819,3.0352574,1.3956855,1047.822
1354,K2-17 b,2.23079,5.5937729,1.5835182,468.87827
1375,K2-184 b,1.46851,2.7619253,1.3714106,557.08411
1392,K2-191 b,1.58061,3.1178927,1.4044886,1209.313
1393,K2-192 b,1.52456,2.9240176,1.3848978,1056.5077
1401,K2-198 c,1.42367,2.6125462,1.3546507,1131.5876
1402,K2-198 d,2.44378,6.5154741,1.6328337,867.75777
1403,K2-199 b,1.72634,6.9000459,1.9992303,965.33528
1405,K2-200 b,1.36762,2.4345625,1.3342209,1162.1812
1409,K2-203 b,1.36762,2.4536322,1.3394361,758.88735
1415,K2-209 b,0.86317,0.58480353,0.823108,1207.6658
1424,K2-216 b,1.74876,7.9997308,2.1388118,1135.3812
1441,K2-228 b,1.21068,1.9260377,1.261298,959.98041
1466,K2-247 b,2.11869,5.1488136,1.5589058,993.19364
1467,K2-247 c,2.18595,5.4348589,1.5767906,698.28572
1471,K2-250 b,2.44378,6.5154741,1.6328337,1050.9072
1473,K2-252 b,1.73755,3.6868048,1.456654,705.0913
1475,K2-254 b,1.62545,3.3054112,1.4260211,846.89918
1476,K2-254 c,2.18595,5.4348589,1.5767906,590.02426
1490,K2-266 c,0.70623,0.28922348,0.63994654,687.44492
1493,K2-268 b,1.50214,2.8572737,1.3791793,1250.1017
1495,K2-268 d,1.49093,2.8254909,1.3766335,975.95877
1496,K2-268 e,1.33399,2.3296793,1.321514,882.20575
1497,K2-268 f,2.23079,5.5937729,1.5835182,543.16222
1500,K2-270 b,1.37883,2.4790584,1.3408741,1327.7681
1505,K2-274 b,2.08506,4.9898996,1.5469869,691.32491
1506,K2-275 b,2.34289,6.0705149,1.6096699,1228.799
1507,K2-275 c,2.20837,5.5302073,1.5824674,689.02149
1552,K2-322 b,1.91691,4.3542436,1.5071466,649.12375
1556,K2-326 b,2.27563,5.8162525,1.5987141,1164.4963
1568,K2-338 b,1.03132,1.0806152,1.0236201,869.19115
1569,K2-339 b,1.91691,4.3542436,1.5071466,552.00623
1576,K2-344 b,1.59182,3.1560321,1.4080683,759.3408
1578,K2-346 b,2.26442,5.7209041,1.5894755,500.5888
1579,K2-347 b,2.41015,6.3883429,1.6280662,682.76444
1582,K2-349 b,1.37883,2.4790584,1.3408741,886.58318
1583,K2-35 b,1.32278,2.3010747,1.3189294,1028.2034
1584,K2-35 c,1.92812,4.3860264,1.5082335,810.30217
1597,K2-36 b,1.43488,3.8997496,1.6485821,1387.7725
1601,K2-367 b,2.41015,6.4201257,1.6321111,480.07381
1602,K2-368 b,1.33399,2.3360358,1.3233157,845.39528
1603,K2-368 c,1.35641,2.4218494,1.3362203,679.92431
1604,K2-368 d,1.95054,4.449592,1.5103676,531.69694
1617,K2-377 b,1.69271,3.496108,1.4371468,567.08244
1619,K2-379 b,2.18595,5.403076,1.5721733,710.28083
1623,K2-381 b,1.07616,1.2585989,1.081447,706.91687
1624,K2-381 c,1.99538,4.6720716,1.5301779,559.24552
1625,K2-381 d,1.69271,3.496108,1.4371468,471.22443
1627,K2-383 b,1.5694,3.0670402,1.3979541,1316.5804
1633,K2-385 b,1.53577,2.9844049,1.3940097,1156.4861
1644,K2-394 b,1.69271,3.496108,1.4371468,824.34177
1653,K2-4 b,2.09627,5.0534652,1.5526409,608.13414
1655,K2-401 b,2.26442,5.7526869,1.5938846,705.11163
1667,K2-413 b,0.76228,0.36232392,0.68943169,1646.7504
1668,K2-413 c,1.2331,2.0468123,1.2883678,863.01018
1669,K2-414 b,1.22189,1.9768902,1.2719652,868.87287
1670,K2-414 c,1.92812,4.3860264,1.5082335,816.11466
1671,K2-42 b,2.15232,5.2759448,1.5656573,772.81962
1677,K2-47 b,1.89449,4.2271124,1.4937425,516.87169
1678,K2-48 b,2.242,5.6573385,1.5885039,537.67654
1679,K2-49 b,1.92812,4.3860264,1.5082335,1048.3142
1680,K2-5 b,1.9057,4.3224608,1.5060461,668.75171
1681,K2-5 c,2.26442,5.7209041,1.5894755,539.31695
1682,K2-50 b,1.59182,3.1560321,1.4080683,655.20343
1687,K2-57 b,2.09627,5.0534652,1.5526409,653.28292
1691,K2-59 b,2.41015,6.3883429,1.6280662,534.76305
1692,K2-59 c,2.29805,5.9116009,1.6038835,654.10344
1696,K2-62 b,2.14111,5.2123792,1.5602655,750.7445
1697,K2-62 c,2.14111,5.2123792,1.5602655,541.6887
1701,K2-65 b,1.58061,3.121071,1.4052043,748.08637
1703,K2-68 b,1.58061,3.121071,1.4052043,734.01357
1704,K2-69 b,2.32047,6.0069493,1.6089369,542.22181
1707,K2-71 b,2.15232,5.2759448,1.5656573,507.59206
1719,K2-8 c,2.41015,6.3883429,1.6280662,891.79473
1723,K2-81 b,1.97296,4.5449404,1.5177665,853.48695
1724,K2-83 b,1.24431,2.0785951,1.2924706,828.44928
1725,K2-83 c,1.47972,2.803243,1.3763871,538.63885
1728,K2-85 b,1.19947,1.8688287,1.2482169,1575.4732
1735,K2-90 c,1.30036,2.2406874,1.3126799,878.91578
1828,KOI-1831 d,1.13221,2.2311526,1.4037868,545.8393
1844,KOI-7368 b,2.21958,5.5619901,1.5829956,921.20412
1845,KOI-7913 b,2.34289,6.0705149,1.6096699,484.60739
1867,Kepler-1007 b,1.43488,2.6665769,1.3632304,947.00027
1868,Kepler-1008 b,1.27794,2.1834784,1.3071313,696.83581
1869,Kepler-1009 b,2.17474,5.3395104,1.5669208,577.78224
1872,Kepler-1010 b,2.32047,6.0069493,1.6089369,516.6448
1875,Kepler-1013 b,2.15232,5.2759448,1.5656573,572.61199
1882,Kepler-1019 b,1.4573,2.7301425,1.3687312,1216.9552
1885,Kepler-102 d,1.17705,3.813936,1.8000694,700.19191
1886,Kepler-102 e,2.21958,8.8991841,2.0023486,603.0699
1888,Kepler-1020 b,2.27563,5.8162525,1.5987141,359.47345
1890,Kepler-1022 b,2.36531,6.1658633,1.6145552,618.83202
1894,Kepler-1026 b,2.20837,5.5302073,1.5824674,453.64631
1897,Kepler-1029 b,1.25552,2.1262693,1.3013596,928.79911
1900,Kepler-1030 b,2.47741,6.7061709,1.6452745,572.12729
1902,Kepler-1032 b,1.87207,4.1635468,1.4913195,1038.645
1904,Kepler-1034 b,2.26442,5.7209041,1.5894755,719.37785
1907,Kepler-1037 b,1.27794,2.1834784,1.3071313,1579.931
1909,Kepler-1038 c,1.41246,2.5934765,1.355043,888.00962
1910,Kepler-1039 b,1.4573,2.7301425,1.3687312,1459.862
1916,Kepler-1042 b,2.18595,5.4348589,1.5767906,740.81509
1923,Kepler-1048 b,1.61424,3.2100628,1.410174,936.04066
1931,Kepler-1053 b,0.97527,0.90263153,0.96203931,968.42378
1937,Kepler-1059 b,1.72634,3.655022,1.4550631,1016.8207
1944,Kepler-1062 b,1.75997,3.7503704,1.4597701,710.42776
1946,Kepler-1064 b,1.54698,3.0225443,1.3977966,664.09215
1959,Kepler-1071 b,2.37652,6.2612117,1.6231492,968.90938
1964,Kepler-1074 b,1.25552,2.0976648,1.2925764,651.83597
1965,Kepler-1075 b,1.42367,2.6030113,1.3521764,1051.209
1966,Kepler-1076 b,0.79591,0.43542436,0.7396468,844.69537
1979,Kepler-1086 b,2.44378,6.5154741,1.6328337,506.68997
1994,Kepler-1096 b,1.24431,2.0690603,1.2895028,962.12447
2011,Kepler-1105 b,2.00659,4.7038544,1.5310791,769.50291
2013,Kepler-1107 b,1.3452,2.3582838,1.3240507,2016.2085
2030,Kepler-1120 b,1.37883,2.4790584,1.3408741,1067.7204
2041,Kepler-113 b,1.81602,11.759636,2.5447002,921.76213
2047,Kepler-1132 b,2.3541,6.1340805,1.6142183,431.22019
2051,Kepler-1136 b,1.63666,3.337194,1.427945,1018.322
2061,Kepler-1143 b,1.67029,3.4325424,1.4335473,1043.5993
2064,Kepler-1145 b,1.40125,2.542624,1.3470486,1026.2871
2065,Kepler-1146 b,1.2331,2.0404558,1.2863657,1102.882
2067,Kepler-1148 b,1.69271,3.496108,1.4371468,1545.759
2071,Kepler-1150 b,1.02011,1.0424758,1.010903,1003.319
2073,Kepler-1152 b,0.87438,0.59116009,0.82224728,1024.6329
2079,Kepler-1157 b,1.08737,1.3221645,1.1026916,921.68329
2085,Kepler-1161 b,2.1299,5.1805964,1.5595894,705.60669
2088,Kepler-1164 b,1.121,1.4588305,1.140774,1069.7015
2092,Kepler-1167 b,1.71513,3.5596736,1.4406436,1597.5398
2093,Kepler-1168 b,2.49983,6.8015193,1.6494826,410.94636
2097,Kepler-1170 b,2.41015,6.3883429,1.6280662,798.41628
2100,Kepler-1173 b,0.88559,0.63883429,0.84933252,1787.6023
2105,Kepler-1178 b,1.06495,1.2395292,1.0788567,614.05076
2106,Kepler-1179 b,1.32278,2.3010747,1.3189294,1197.9334
2107,Kepler-118 b,1.96175,4.5131576,1.5167654,857.15486
2121,Kepler-1190 b,1.33399,2.3296793,1.321514,651.31693
2126,Kepler-1195 b,2.08506,4.9898996,1.5469869,826.04253
2128,Kepler-1197 b,1.25552,2.0976648,1.2925764,1165.6751
2134,Kepler-1200 b,1.06495,1.1982116,1.0607234,1411.373
2137,Kepler-1203 b,1.06495,1.1982116,1.0607234,1648.2318
2139,Kepler-1205 b,1.41246,2.5712285,1.3492184,1615.6329
2140,Kepler-1206 b,1.63666,3.337194,1.427945,1420.2758
2142,Kepler-1208 b,2.32047,6.0069493,1.6089369,697.20152
2150,Kepler-1214 b,2.36531,6.1658633,1.6145552,631.85254
2162,Kepler-1221 b,1.88328,4.1953296,1.4925387,779.21377
2163,Kepler-1222 b,0.7847,0.41635468,0.72841671,1316.2736
2164,Kepler-1223 b,1.22189,1.9832467,1.2740085,611.89707
2169,Kepler-1228 b,1.53577,2.9875832,1.3947518,1869.6732
2183,Kepler-124 b,0.72865,0.31464972,0.65713438,1113.4954
2184,Kepler-124 c,1.74876,3.7185876,1.4582229,695.37764
2185,Kepler-124 d,1.10979,1.4111563,1.1276314,533.3303
2188,Kepler-1242 b,2.26442,5.7209041,1.5894755,663.22814
2193,Kepler-1246 b,1.35641,2.4186711,1.3353433,650.16381
2203,Kepler-1254 b,1.54698,3.0225443,1.3977966,717.21311
2204,Kepler-1254 c,1.30036,2.2406874,1.3126799,1007.6611
2205,Kepler-1254 d,1.31157,2.2692919,1.3153746,863.25042
2210,Kepler-1259 b,1.43488,2.6347941,1.3550819,2000.3738
2215,Kepler-1261 b,2.26442,5.7209041,1.5894755,435.5337
2217,Kepler-1263 b,1.14342,1.5541789,1.1658633,1014.8934
2219,Kepler-1265 b,1.3452,2.3900666,1.332943,777.31135
2221,Kepler-1266 c,1.6815,3.4643252,1.4353602,929.97023
2244,Kepler-1284 b,1.21068,1.9260377,1.261298,1916.6936
2254,Kepler-1291 b,1.65908,3.4007596,1.4317075,787.86533
2267,Kepler-1301 b,1.40125,2.542624,1.3470486,825.8324
2268,Kepler-1302 b,1.43488,2.6347941,1.3550819,779.89683
2270,Kepler-1304 b,2.28684,5.8480353,1.5991423,1198.86
2275,Kepler-1309 b,2.36531,6.1976461,1.6187111,496.24412
2286,Kepler-1315 b,1.37883,2.4790584,1.3408741,1569.9178
2287,Kepler-1315 c,1.84965,4.0681984,1.4830517,792.28372
2289,Kepler-1317 b,1.55819,3.0543271,1.400063,2003.8524
2296,Kepler-1320 b,1.70392,3.5278908,1.4389078,1481.2451
2298,Kepler-1321 c,2.39894,6.3565601,1.6278013,1072.0501
2303,Kepler-1324 b,1.51335,2.8890565,1.3816827,904.74827
2308,Kepler-1329 b,2.17474,5.3395104,1.5669208,675.39901
2312,Kepler-1331 b,1.05374,1.1568939,1.047804,1430.7921
2316,Kepler-1335 b,1.44609,2.6983597,1.3660049,842.9138
2319,Kepler-1337 b,2.41015,6.3883429,1.6280662,494.46861
2331,Kepler-1347 b,1.03132,1.0806152,1.0236201,713.5987
2338,Kepler-1351 b,0.65018,0.2065882,0.56368432,1308.1526
2340,Kepler-1353 b,1.80481,3.9092844,1.4717461,516.26776
2343,Kepler-1356 b,1.52456,2.9558004,1.3924041,1865.0963
2345,Kepler-1358 b,1.121,1.4588305,1.140774,885.66361
2350,Kepler-1361 b,0.86317,0.56573385,0.80957653,1077.6608
2352,Kepler-1363 b,1.25552,2.0976648,1.2925764,1053.2159
2356,Kepler-1366 b,1.43488,2.6347941,1.3550819,981.49795
2357,Kepler-1367 b,0.91922,0.72146957,0.88592973,1112.4096
2360,Kepler-137 b,1.46851,2.7619253,1.3714106,876.44639
2361,Kepler-137 c,1.88328,4.1953296,1.4925387,674.52654
2371,Kepler-1377 b,1.25552,2.0976648,1.2925764,1965.0563
2372,Kepler-1378 b,2.19716,5.4666417,1.577355,575.10757
2373,Kepler-1379 b,1.30036,2.2406874,1.3126799,1744.7076
2381,Kepler-1384 b,1.93933,4.4178092,1.5093071,628.71167
2384,Kepler-1387 b,0.93043,0.75007409,0.89786332,1183.8314
2386,Kepler-1388 c,2.26442,5.7209041,1.5894755,667.78559
2388,Kepler-1388 e,2.45499,6.6108225,1.6409785,352.65296
2389,Kepler-1389 b,1.77118,3.7821532,1.461296,340.15069
2406,Kepler-1400 b,1.62545,3.2418456,1.4122428,742.92253
2410,Kepler-1404 b,2.00659,4.7038544,1.5310791,687.77693
2415,Kepler-1409 b,1.04253,1.1187546,1.0359126,1830.4123
2416,Kepler-141 b,0.69502,0.25744068,0.6086112,1127.0376
2417,Kepler-141 c,1.41246,2.5712285,1.3492184,859.87103
2418,Kepler-1410 b,1.78239,3.813936,1.4628013,292.95272
2421,Kepler-1413 b,1.81602,3.97285,1.479077,703.62639
2422,Kepler-1414 b,1.2331,2.0404558,1.2863657,1067.2494
2423,Kepler-1415 b,1.28915,2.2120829,1.3099327,2020.8751
2426,Kepler-1418 b,1.65908,3.4007596,1.4317075,557.6158
2431,Kepler-1420 b,1.27794,2.1834784,1.3071313,971.87287
2434,Kepler-1423 b,1.06495,1.1982116,1.0607234,535.57356
2443,Kepler-1430 b,1.17705,1.7575889,1.2219718,1031.6537
2461,Kepler-1446 b,0.81833,0.476742,0.76326873,1665.7551
2467,Kepler-1450 b,1.71513,3.5596736,1.4406436,377.37632
2472,Kepler-1455 b,2.16353,5.3077276,1.5662924,321.81221
2473,Kepler-1456 b,1.14342,1.5541789,1.1658633,492.94391
2476,Kepler-1459 b,1.35641,2.4186711,1.3353433,400.3172
2479,Kepler-1460 b,1.96175,4.5131576,1.5167654,440.57409
2480,Kepler-1461 b,2.02901,4.76742,1.5328498,479.27928
2485,Kepler-1465 b,1.77118,3.7821532,1.461296,448.93329
2494,Kepler-1470 b,1.06495,1.2395292,1.0788567,638.61884
2501,Kepler-1477 b,1.17705,1.7575889,1.2219718,851.5527
2504,Kepler-148 b,1.80481,3.9092844,1.4717461,1379.2459
2507,Kepler-1480 b,1.67029,3.4325424,1.4335473,568.96532
2508,Kepler-1481 b,1.2331,2.0404558,1.2863657,844.87939
2523,Kepler-1492 b,1.49093,2.8254909,1.3766335,524.73622
2529,Kepler-1498 b,1.33399,2.3296793,1.321514,520.09441
2530,Kepler-1499 b,1.18826,1.8116196,1.2347464,470.06136
2540,Kepler-1503 b,2.27563,5.7844697,1.59434,431.26325
2551,Kepler-1512 b,1.17705,1.7575889,1.2219718,327.4292
2561,Kepler-152 c,2.38773,6.2929945,1.6234393,368.97396
2563,Kepler-1521 b,2.49983,6.8015193,1.6494826,430.78215
2568,Kepler-1526 b,2.43257,6.4836913,1.6325951,936.76915
2571,Kepler-1529 b,2.09627,5.0534652,1.5526409,930.87436
2583,Kepler-1537 b,1.17705,1.7575889,1.2219718,1440.9127
2591,Kepler-1540 b,2.48862,6.7697365,1.6493263,270.06295
2592,Kepler-1541 b,1.15463,1.6558839,1.1975496,848.48702
2598,Kepler-1544 b,1.78239,3.813936,1.4628013,275.69635
2608,Kepler-1552 b,2.4662,6.6743881,1.6450973,329.62684
2609,Kepler-1553 b,1.15463,1.6050314,1.1790178,1079.9364
2614,Kepler-1558 b,0.68381,0.24472756,0.59823762,1066.2615
2616,Kepler-156 b,2.29805,5.9116009,1.6038835,961.11165
2623,Kepler-1565 b,1.18826,1.8116196,1.2347464,1339.5601
2624,Kepler-1566 b,0.7847,0.41635468,0.72841671,2033.8927
2638,Kepler-1577 b,1.13221,1.5065047,1.153511,791.47652
2640,Kepler-1579 b,0.84075,0.52123792,0.78738034,1415.4897
2641,Kepler-158 b,2.11869,5.1488136,1.5589058,558.54637
2642,Kepler-158 c,1.9057,4.2588952,1.4949312,468.15771
2660,Kepler-1595 b,1.2331,2.0404558,1.2863657,1033.7979
2670,Kepler-1600 c,1.93933,4.4178092,1.5093071,901.80182
2674,Kepler-1604 b,1.41246,2.5712285,1.3492184,2251.7788
2675,Kepler-1605 b,1.07616,1.2808469,1.0909634,588.87253
2678,Kepler-1608 b,1.72634,3.655022,1.4550631,629.43592
2680,Kepler-161 b,2.11869,12.077464,2.3875593,957.24662
2681,Kepler-161 c,2.05143,11.759636,2.394245,853.03385
2686,Kepler-1614 b,1.49093,2.8254909,1.3766335,1134.2539
2706,Kepler-1630 b,2.18595,5.4348589,1.5767906,187.28932
2724,Kepler-1643 b,2.32047,6.0069493,1.6089369,951.53213
2731,Kepler-165 b,2.32047,6.0069493,1.6089369,817.15506
2732,Kepler-165 c,2.23079,5.5937729,1.5835182,661.11099
2736,Kepler-1653 b,2.17474,5.3395104,1.5669208,290.83372
2754,Kepler-1669 c,1.9057,4.2588952,1.4949312,1200.1991
2755,Kepler-167 b,1.71513,3.5914564,1.4470608,960.44403
2756,Kepler-167 c,1.67029,3.4325424,1.4335473,806.66399
2757,Kepler-167 d,1.2331,2.0627037,1.2933596,563.0373
2760,Kepler-1671 b,1.32278,2.3169661,1.3234759,1114.1149
2771,Kepler-1680 b,1.35641,2.4186711,1.3353433,759.99842
2778,Kepler-1687 b,1.65908,3.3689768,1.4250016,760.79019
2779,Kepler-1688 b,1.26673,2.1294476,1.2965565,830.58257
2781,Kepler-169 b,1.13221,1.5065047,1.153511,1081.2864
2782,Kepler-169 c,1.21068,1.9260377,1.261298,868.5101
2783,Kepler-169 d,1.25552,2.0976648,1.2925764,789.65991
2784,Kepler-169 e,2.19716,5.4666417,1.577355,667.38443
2788,Kepler-1692 b,1.10979,1.4206912,1.1314346,939.40845
2791,Kepler-1694 b,1.17705,1.7575889,1.2219718,1013.5555
2794,Kepler-1697 b,1.25552,2.1230911,1.3003866,457.70838
2795,Kepler-1698 b,1.07616,1.2522423,1.0787126,1498.7276
2801,Kepler-1701 b,2.21958,5.5619901,1.5829956,313.91836
2802,Kepler-1702 b,1.60303,3.2100628,1.4150961,605.6415
2817,Kepler-1716 b,2.42136,6.4519085,1.6323543,458.95802
2842,Kepler-1735 b,1.19947,1.8370459,1.2375573,580.99838
2847,Kepler-174 b,1.96175,4.5131576,1.5167654,655.3461
2848,Kepler-174 c,1.49093,2.8254909,1.3766335,447.98537
2849,Kepler-174 d,2.18595,5.4348589,1.5767906,251.86997
2859,Kepler-1749 b,1.61424,3.2418456,1.4171379,538.56952
2865,Kepler-1753 b,2.23079,5.5937729,1.5835182,607.03512
2866,Kepler-1754 b,2.44378,6.5154741,1.6328337,754.93315
2868,Kepler-1756 b,1.46851,2.7682819,1.3729879,1236.8738
2871,Kepler-1759 b,0.90801,0.67697365,0.8634567,1004.5975
2872,Kepler-176 b,1.43488,2.6347941,1.3550819,946.79667
2875,Kepler-176 e,1.44609,2.6983597,1.3660049,456.5859
2876,Kepler-1760 b,2.28684,5.8480353,1.5991423,542.65257
2903,Kepler-1782 b,2.23079,5.5937729,1.5835182,865.98272
2904,Kepler-1783 b,1.32278,2.2978965,1.3180182,799.78887
2909,Kepler-1788 b,2.37652,6.2612117,1.6231492,1092.883
2917,Kepler-1794 b,1.7936,3.8775016,1.4703245,706.39748
2918,Kepler-1795 b,1.65908,3.4007596,1.4317075,587.87753
2921,Kepler-1798 b,2.30926,5.9433837,1.6042811,504.20493
2930,Kepler-1802 b,1.67029,3.4325424,1.4335473,656.58616
2931,Kepler-1802 c,2.32047,6.0069493,1.6089369,404.06386
2932,Kepler-1804 b,1.59182,3.1751017,1.4123159,671.90867
2937,Kepler-1809 b,1.51335,2.8985914,1.3839609,1051.904
2943,Kepler-1813 b,1.41246,2.5807634,1.3517177,1197.8985
2944,Kepler-1814 b,2.36531,6.1976461,1.6187111,1116.3073
2946,Kepler-1816 b,1.97296,4.5449404,1.5177665,350.90803
2957,Kepler-1825 b,1.42367,2.6093679,1.3538264,1548.9946
2961,Kepler-1829 b,2.47741,6.7061709,1.6452745,969.98455
2966,Kepler-1832 b,1.22189,2.0245644,1.287211,1232.026
2968,Kepler-1834 b,1.4573,2.7269643,1.3679343,926.78689
2978,Kepler-1841 b,1.49093,2.8223127,1.375859,611.78377
2982,Kepler-1845 b,2.44378,6.5154741,1.6328337,693.42434
2983,Kepler-1846 b,1.75997,3.7503704,1.4597701,642.62376
2985,Kepler-1848 b,1.41246,2.5680503,1.3483843,902.54013
2986,Kepler-1849 b,2.38773,6.2929945,1.6234393,385.68677
2987,Kepler-185 b,1.16584,1.7067364,1.2099398,1335.0085
2988,Kepler-185 c,2.0178,4.7356372,1.5319696,577.38211
2989,Kepler-1850 b,0.72865,0.31147144,0.6538071,1257.5843
2991,Kepler-1852 b,1.88328,4.2271124,1.4981816,812.81785
2992,Kepler-1853 b,1.51335,2.9176611,1.3885059,425.42006
2995,Kepler-1856 b,1.73755,3.655022,1.4503618,1621.8157
2997,Kepler-1858 b,2.42136,6.4519085,1.6323543,370.75131
3018,Kepler-1872 b,2.38773,6.2612117,1.6193346,997.11269
3019,Kepler-1873 b,1.62545,3.2736284,1.4191486,2008.4718
3020,Kepler-1874 b,2.20837,5.5302073,1.5824674,402.24929
3028,Kepler-1880 b,2.11869,5.1170308,1.5540869,798.49801
3038,Kepler-189 b,1.21068,1.9260377,1.261298,749.42708
3039,Kepler-189 c,2.37652,22.565788,3.0814457,600.63472
3045,Kepler-1895 b,2.11869,5.1488136,1.5589058,1016.3263
3049,Kepler-1899 b,1.54698,3.0257226,1.3985313,914.1398
3053,Kepler-190 b,1.55819,3.0543271,1.400063,1288.7245
3054,Kepler-190 c,1.4573,2.7301425,1.3687312,1052.2392
3062,Kepler-1907 b,0.87438,0.58798181,0.82003395,844.68833
3063,Kepler-1907 c,1.15463,1.6304577,1.1883198,612.08901
3064,Kepler-1909 b,1.08737,1.3316993,1.1066605,1180.6196
3065,Kepler-191 b,1.3452,2.3582838,1.3240507,768.61896
3066,Kepler-191 c,1.86086,4.131764,1.4900845,633.67378
3067,Kepler-191 d,2.27563,5.8162525,1.5987141,926.31204
3068,Kepler-1910 b,1.18826,1.7798368,1.2238674,728.85028
3087,Kepler-1926 b,2.32047,5.9751665,1.6046748,422.96623
3093,Kepler-1930 b,1.52456,2.9526221,1.3916553,671.98377
3095,Kepler-1932 b,1.51335,2.9049479,1.3854775,2118.4497
3101,Kepler-1938 b,1.82723,4.0046328,1.4804193,646.20349
3102,Kepler-1939 b,1.16584,1.6781319,1.1997578,988.77502
3111,Kepler-1945 b,1.28915,2.2089046,1.3089913,913.55259
3121,Kepler-1953 b,1.28915,2.1993698,1.3061631,812.59917
3124,Kepler-1956 b,1.08737,1.3221645,1.1026916,664.45645
3125,Kepler-1957 b,0.94164,0.78821345,0.91491231,1177.2945
3127,Kepler-1959 b,1.14342,1.5700703,1.1718085,881.71481
3128,Kepler-196 b,1.9057,4.2588952,1.4949312,617.70509
3129,Kepler-196 c,2.242,5.6573385,1.5885039,468.39807
3135,Kepler-1964 b,1.78239,3.813936,1.4628013,1115.046
3137,Kepler-1966 b,1.10979,1.3889084,1.1187071,751.55099
3138,Kepler-1967 b,0.72865,0.31464972,0.65713438,765.73245
3139,Kepler-1968 b,1.50214,2.8572737,1.3791793,750.18107
3162,Kepler-202 b,1.62545,3.3054112,1.4260211,939.43008
3163,Kepler-202 c,1.84965,4.0681984,1.4830517,592.83181
3186,Kepler-211 b,1.25552,2.1262693,1.3013596,1035.3808
3187,Kepler-211 c,1.28915,18.434024,3.7814499,911.01363
3210,Kepler-220 b,0.80712,0.45767232,0.75302305,909.05844
3211,Kepler-220 c,1.5694,3.0892882,1.4030152,707.23529
3212,Kepler-220 d,0.97527,0.90263153,0.96203931,482.92192
3213,Kepler-220 e,1.33399,2.3296793,1.321514,410.12524
3214,Kepler-221 b,1.71513,3.5596736,1.4406436,1185.4135
3225,Kepler-224 b,1.39004,2.5108412,1.3439898,1097.9408
3227,Kepler-224 d,2.29805,5.9116009,1.6038835,717.4237
3228,Kepler-224 e,1.97296,4.5449404,1.5177665,607.79885
3239,Kepler-229 b,2.19716,5.4666417,1.577355,847.76381
3261,Kepler-237 b,1.41246,2.5712285,1.3492184,977.76777
3262,Kepler-237 c,2.08506,4.9898996,1.5469869,820.52449
3268,Kepler-239 b,2.33168,6.0387321,1.6093052,710.16443
3274,Kepler-240 b,1.36762,2.4504539,1.3385683,971.29265
3275,Kepler-240 c,2.19716,102.34062,6.824851,782.26673
3276,Kepler-241 b,2.33168,6.0387321,1.6093052,661.69339
3279,Kepler-242 c,1.99538,4.6720716,1.5301779,612.36093
3280,Kepler-243 b,2.45499,6.5790397,1.6370291,932.23386
3281,Kepler-243 c,1.99538,4.608506,1.5197329,615.99409
3286,Kepler-245 c,2.17474,225.65788,10.18642,650.51884
3288,Kepler-245 e,1.74876,3.7185876,1.4582229,1145.3566
3289,Kepler-246 b,2.34289,6.0705149,1.6096699,994.76168
3290,Kepler-246 c,1.50214,2.8572737,1.3791793,735.96798
3291,Kepler-247 b,1.63666,3.337194,1.427945,1101.149
3302,Kepler-250 b,1.13221,1.5065047,1.153511,1009.4855
3303,Kepler-250 c,2.27563,5.8162525,1.5987141,841.96914
3304,Kepler-250 d,2.17474,5.403076,1.5762201,620.61013
3311,Kepler-253 b,1.62545,3.3054112,1.4260211,1073.5983
3335,Kepler-260 b,2.00659,4.7038544,1.5310791,996.41461
3336,Kepler-260 c,1.73755,3.6868048,1.456654,473.58908
3337,Kepler-261 b,2.17474,5.403076,1.5762201,739.57017
3338,Kepler-261 c,1.99538,4.6720716,1.5301779,555.4672
3342,Kepler-263 c,2.4662,6.6743881,1.6450973,449.84514
3366,Kepler-272 b,1.43488,77.867861,7.3666719,1533.1298
3367,Kepler-272 c,1.7936,97.891025,7.3876896,1210.0569
3368,Kepler-272 d,2.25321,5.6891213,1.5889922,990.71793
3397,Kepler-283 b,2.1299,5.1805964,1.5595894,570.57639
3398,Kepler-283 c,1.81602,3.97285,1.479077,279.79731
3407,Kepler-287 b,2.33168,6.0387321,1.6093052,699.49839
3417,Kepler-290 b,2.25321,5.6891213,1.5889922,619.11935
3421,Kepler-292 b,1.32278,2.3010747,1.3189294,1266.7377
3422,Kepler-292 c,1.46851,2.7619253,1.3714106,1117.1576
3423,Kepler-292 d,2.23079,5.5937729,1.5835182,908.7957
3425,Kepler-292 f,2.3541,6.1340805,1.6142183,631.11887
3440,Kepler-298 b,1.96175,4.5131576,1.5167654,667.07663
3441,Kepler-298 c,1.92812,4.3860264,1.5082335,511.62442
3442,Kepler-298 d,2.49983,6.8015193,1.6494826,341.64164
3460,Kepler-304 c,2.17474,5.3395104,1.5669208,845.812
3462,Kepler-304 e,1.19947,1.8688287,1.2482169,1290.4071
3466,Kepler-305 e,1.7936,3.8775016,1.4703245,1129.1048
3467,Kepler-306 b,1.52456,2.9240176,1.3848978,982.28094
3468,Kepler-306 c,2.3541,6.1340805,1.6142183,848.56149
3469,Kepler-306 d,2.4662,6.6743881,1.6450973,634.05962
3470,Kepler-306 e,2.27563,5.7844697,1.59434,461.00729
3493,Kepler-316 b,1.06495,1.1982116,1.0607234,1021.6187
3494,Kepler-316 c,1.15463,1.6558839,1.1975496,697.03843
3515,Kepler-324 b,1.14342,1.5541789,1.1658633,1077.6698
3517,Kepler-324 e,2.04022,4.7992028,1.5337199,735.30679
3521,Kepler-326 b,1.52456,44.49592,5.4024137,1469.4193
3522,Kepler-326 c,1.40125,17.48054,3.5319912,1163.9535
3523,Kepler-326 d,1.21068,6.9922161,2.4032156,1023.1722
3529,Kepler-329 b,1.40125,2.542624,1.3470486,666.12511
3530,Kepler-329 c,1.92812,4.3860264,1.5082335,489.41976
3536,Kepler-330 b,1.3452,2.3900666,1.332943,814.5919
3537,Kepler-330 c,1.95054,4.449592,1.5103676,655.00064
3538,Kepler-331 b,1.81602,3.97285,1.479077,718.64439
3539,Kepler-331 c,1.83844,4.0364156,1.4817441,565.42638
3540,Kepler-331 d,1.63666,3.337194,1.427945,459.48587
3541,Kepler-332 b,1.16584,1.7067364,1.2099398,777.00122
3542,Kepler-332 c,1.08737,1.3221645,1.1026916,608.86119
3543,Kepler-332 d,1.17705,1.7575889,1.2219718,472.86788
3544,Kepler-333 b,1.32278,28.286692,4.6243135,571.75648
3545,Kepler-333 c,1.10979,1.4111563,1.1276314,458.99065
3578,Kepler-345 b,0.73986,0.49898996,0.82124196,842.265
3579,Kepler-345 c,1.19947,2.1993698,1.3541115,779.78586
3595,Kepler-352 b,0.86317,0.56573385,0.80957653,769.59326
3596,Kepler-352 c,1.24431,2.0690603,1.2895028,653.17524
3597,Kepler-352 d,0.80712,0.44813748,0.74513777,875.3627
3598,Kepler-353 b,0.88559,0.63883429,0.84933252,643.33271
3599,Kepler-353 c,1.37883,2.4790584,1.3408741,569.85458
3600,Kepler-354 b,1.83844,4.0364156,1.4817441,820.86897
3601,Kepler-354 c,1.31157,2.2692919,1.3153746,562.49906
3602,Kepler-354 d,1.24431,2.0690603,1.2895028,499.22266
3607,Kepler-357 b,1.83844,4.0364156,1.4817441,832.33938
3632,Kepler-367 b,1.30036,2.2406874,1.3126799,449.90694
3633,Kepler-367 c,1.19947,1.8688287,1.2482169,401.01485
3660,Kepler-378 b,0.75107,0.34643252,0.67915534,589.67363
3661,Kepler-378 c,0.69502,0.2701538,0.62345755,484.35822
3672,Kepler-383 b,1.32278,2.3010747,1.3189294,624.60998
3673,Kepler-383 c,1.24431,2.0690603,1.2895028,464.20145
3679,Kepler-386 b,1.39004,2.5108412,1.3439898,736.77538
3680,Kepler-386 c,1.58061,3.121071,1.4052043,579.83559
3683,Kepler-388 b,0.80712,0.45767232,0.75302305,1177.7944
3684,Kepler-388 c,0.86317,0.56573385,0.80957653,732.78951
3688,Kepler-390 b,0.81833,0.476742,0.76326873,921.53968
3689,Kepler-390 c,0.7847,0.41635468,0.72841671,739.28183
3699,Kepler-395 b,1.03132,1.0806152,1.0236201,585.87613
3700,Kepler-395 c,1.32278,2.3010747,1.3189294,343.94111
3705,Kepler-398 b,0.93043,0.75007409,0.89786332,859.99194
3706,Kepler-398 c,1.0089,1.0075148,0.99931326,611.59101
3707,Kepler-398 d,0.88559,0.61340805,0.83225877,725.6488
3737,Kepler-411 b,2.39894,25.601046,3.2667745,1063.2201
3745,Kepler-415 b,1.21068,119.82116,9.9483732,877.03297
3746,Kepler-415 c,2.25321,4.7038544,1.4448611,686.63876
3750,Kepler-417 c,2.6904,7.6914377,1.6908121,657.23178
3779,Kepler-436 c,2.33168,6.0387321,1.6093052,555.09388
3780,Kepler-437 b,2.1299,5.2123792,1.5643661,345.75114
3784,Kepler-440 b,1.9057,4.131764,1.4724498,307.83897
3785,Kepler-441 b,1.6815,3.337194,1.4087771,196.2721
3786,Kepler-442 b,1.3452,2.3582838,1.3240507,263.06654
3787,Kepler-443 b,2.3541,6.0387321,1.6016235,278.82944
3790,Kepler-444 d,0.52687,0.20023164,0.61647379,917.82095
3792,Kepler-444 f,0.73986,0.33054112,0.66840236,786.81843
3837,Kepler-475 b,2.48862,6.7697365,1.6493263,1102.7683
3839,Kepler-477 b,2.07385,4.926334,1.5412506,769.50515
3841,Kepler-479 b,2.11869,5.1488136,1.5589058,721.15319
3842,Kepler-48 b,1.88328,3.9410672,1.4466034,1060.239
3844,Kepler-48 d,2.04022,7.9457001,1.9734566,510.32701
3848,Kepler-482 b,2.36531,6.1658633,1.6145552,418.8519
3869,Kepler-496 b,2.32047,6.0069493,1.6089369,828.53416
3895,Kepler-515 b,1.4573,2.7301425,1.3687312,658.4998
3899,Kepler-519 b,2.09627,5.0534652,1.5526409,594.26009
3938,Kepler-543 b,2.49983,6.8015193,1.6494826,634.75727
3946,Kepler-55 b,2.43257,42.90678,4.1998163,464.63597
3947,Kepler-55 c,2.20837,69.922161,5.6269298,405.162
3948,Kepler-55 d,1.59182,3.1560321,1.4080683,1088.9846
3949,Kepler-55 e,1.54698,3.0225443,1.3977966,846.44765
3950,Kepler-55 f,1.59182,3.1560321,1.4080683,651.5957
3960,Kepler-558 b,2.36531,6.1976461,1.6187111,549.96848
3972,Kepler-566 b,2.15232,5.2759448,1.5656573,602.61161
3973,Kepler-567 b,2.25321,5.6891213,1.5889922,648.55196
4000,Kepler-589 b,2.27563,5.7844697,1.59434,681.32626
4010,Kepler-595 c,1.0089,3.2990547,1.8083009,751.09343
4021,Kepler-601 b,1.9057,4.2588952,1.4949312,950.33496
4030,Kepler-607 b,0.87438,0.59116009,0.82224728,1987.4849
4034,Kepler-61 b,2.15232,5.2759448,1.5656573,328.65176
4040,Kepler-614 b,2.38773,6.2929945,1.6234393,705.80625
4041,Kepler-615 b,1.73755,3.6868048,1.456654,661.47168
4055,Kepler-621 b,2.29805,5.9116009,1.6038835,1055.6984
4056,Kepler-622 b,2.1299,5.1805964,1.5595894,560.14607
4101,Kepler-658 b,1.62545,3.3054112,1.4260211,1250.6673
4102,Kepler-659 b,2.49983,6.8015193,1.6494826,612.57247
4106,Kepler-662 b,2.17474,5.403076,1.5762201,624.69696
4119,Kepler-674 b,1.69271,3.496108,1.4371468,1020.0975
4120,Kepler-675 b,2.44378,6.5154741,1.6328337,1192.0076
4157,Kepler-707 b,1.33399,2.3296793,1.321514,1196.1318
4168,Kepler-716 c,1.39004,2.5203761,1.3465393,1003.672
4211,Kepler-753 b,1.9057,4.3224608,1.5060461,752.53004
4213,Kepler-755 b,1.75997,3.7503704,1.4597701,1511.8679
4214,Kepler-755 c,1.25552,2.1262693,1.3013596,1154.4834
4215,Kepler-756 b,1.121,1.4588305,1.140774,1582.1537
4227,Kepler-763 b,1.22189,1.9832467,1.2740085,1658.0354
4232,Kepler-768 b,1.7936,3.8457188,1.4642862,725.39876
4244,Kepler-776 b,1.27794,2.1834784,1.3071313,978.29509
4245,Kepler-777 b,1.46851,2.7619253,1.3714106,723.41422
4246,Kepler-778 b,1.6815,3.4643252,1.4353602,1065.7899
4256,Kepler-786 b,2.43257,6.4836913,1.6325951,407.4938
4257,Kepler-787 b,1.27794,2.1834784,1.3071313,1363.0825
4264,Kepler-790 b,2.17474,5.403076,1.5762201,709.26746
4278,Kepler-80 d,1.52456,6.7506668,2.1042681,957.63332
4279,Kepler-80 e,1.60303,4.1285858,1.6048329,833.54677
4280,Kepler-80 f,1.21068,1.9260377,1.261298,1396.2131
4281,Kepler-80 g,1.13221,1.5065047,1.153511,557.67871
4283,Kepler-801 b,1.99538,4.6720716,1.5301779,644.59533
4291,Kepler-808 b,1.4573,2.7301425,1.3687312,1801.9458
4312,Kepler-821 b,1.31157,2.2692919,1.3153746,1370.1614
4320,Kepler-828 b,1.51335,2.8890565,1.3816827,1882.6332
4328,Kepler-833 b,2.0178,4.7356372,1.5319696,540.08095
4329,Kepler-834 b,2.0178,4.7356372,1.5319696,638.21512
4341,Kepler-842 b,1.60303,3.17828,1.4080733,1416.3012
4343,Kepler-844 b,1.6815,3.4643252,1.4353602,980.87257
4344,Kepler-845 b,2.04022,4.8309856,1.5387901,1557.7446
4346,Kepler-847 b,1.17705,1.7575889,1.2219718,1210.7806
4363,Kepler-861 b,2.27563,5.8162525,1.5987141,1045.7557
4368,Kepler-866 b,1.62545,3.3054112,1.4260211,1053.9178
4380,Kepler-876 b,1.43488,2.6347941,1.3550819,1010.845
4381,Kepler-877 b,2.11869,5.1488136,1.5589058,654.7599
4382,Kepler-878 b,1.92812,4.3860264,1.5082335,640.80921
4401,Kepler-895 b,1.53577,2.9875832,1.3947518,971.70357
4404,Kepler-898 b,1.49093,2.8254909,1.3766335,744.7705
4410,Kepler-900 b,2.08506,4.9898996,1.5469869,778.10075
4411,Kepler-901 b,1.36762,2.4504539,1.3385683,839.89466
4425,Kepler-913 b,2.06264,4.8945512,1.5404398,770.06101
4429,Kepler-916 b,1.75997,3.7503704,1.4597701,564.69643
4442,Kepler-925 b,2.34289,6.0705149,1.6096699,456.80633
4445,Kepler-928 b,1.59182,3.1560321,1.4080683,902.67047
4450,Kepler-931 b,1.33399,2.3296793,1.321514,877.21546
4453,Kepler-934 b,2.08506,5.0216824,1.5519058,423.8315
4454,Kepler-935 b,1.3452,2.3900666,1.332943,867.59175
4464,Kepler-942 b,2.1299,5.1805964,1.5595894,428.59363
4478,Kepler-954 b,2.32047,6.0069493,1.6089369,602.60082
4485,Kepler-960 b,2.28684,5.8480353,1.5991423,984.51095
4492,Kepler-967 b,2.3541,6.1340805,1.6142183,593.86195
4494,Kepler-968 b,1.99538,4.6720716,1.5301779,940.25558
4495,Kepler-968 c,1.69271,3.496108,1.4371468,813.24059
4496,Kepler-969 b,2.07385,4.926334,1.5412506,510.85053
4497,Kepler-969 c,0.98648,0.93759261,0.97490645,1394.557
4503,Kepler-973 b,1.96175,4.5131576,1.5167654,471.31032
4505,Kepler-975 b,1.47972,2.7937081,1.3740443,1230.9755
4519,Kepler-988 b,2.07385,4.926334,1.5412506,478.08581
4520,Kepler-989 b,2.20837,5.5302073,1.5824674,830.56321
4521,Kepler-99 b,1.47972,6.0387321,2.0201476,916.08702
4525,Kepler-992 b,1.62545,3.2418456,1.4122428,566.34417
4527,Kepler-994 b,1.60303,3.17828,1.4080733,1122.6234
4749,TOI-1064 c,2.65677,2.5013064,0.97030097,654.30052
4750,TOI-1075 b,1.7936,9.9511948,2.355455,1383.3402
4768,TOI-1260 b,2.34289,8.6004258,1.9159494,918.29068
4782,TOI-1411 b,1.35641,2.4186711,1.3353433,1141.8441
4813,TOI-178 b,1.15463,1.5001482,1.1398446,1074.3609
4814,TOI-178 c,1.67029,4.7705983,1.6900147,901.81999
4816,TOI-178 e,2.20837,3.858432,1.3218114,619.92598
4817,TOI-178 f,2.28684,7.7200422,1.8373502,538.1619
4820,TOI-1807 b,1.25552,2.5712285,1.4310622,2169.9149
4854,TOI-2411 b,1.6815,3.4643252,1.4353602,1452.2436
4856,TOI-2427 b,1.80481,3.9092844,1.4717461,1177.0503
4882,TOI-431 b,1.27794,3.0702185,1.5499918,1955.1564
4883,TOI-431 c,1.49093,2.8286692,1.3774075,911.42104
4891,TOI-500 b,1.16584,1.4206912,1.1039016,1763.0796
4892,TOI-500 c,2.09627,5.0312173,1.5492194,768.97047
4903,TOI-544 b,2.02901,4.76742,1.5328498,1081.7673
4921,TOI-712 b,2.05143,4.8627684,1.5396196,658.81731
4923,TOI-712 d,2.47741,6.6743881,1.6413711,324.16588
4930,TOI-833 b,1.26673,2.1548739,1.3042742,1160.7072
5163,Wolf 503 b,2.04022,6.2612117,1.7518249,807.27481
